exporter,importer,baseline modeled trade,experiment trade,trade change (percent),baseline observed trade,experiment observed trade,trade change (observed level)
ARE,ARE,63703228377.0394,138448899511.97308,117.33419645945969,262000000000.0,569415594723.7844,307415594723.7844
ARE,AUS,344720228.18081,112569605.55837107,-67.34464752694265,958000000.0,312838276.69188946,-645161723.3081105
ARE,BGD,105036246.87788637,583282292.6213921,455.31524588793405,984000000.0,5464302019.5372715,4480302019.5372715
ARE,CAN,535632641.4890555,570699491.5815959,6.546809767801819,431000000.0,459216750.0992258,28216750.09922582
ARE,CHL,19846082.114158146,58655919.51036661,195.55415105594884,43579611.0,128801349.3245349,85221738.3245349
ARE,CHN,21231111192.532192,988553550.4928974,-95.3438445047539,28200000000.0,1313035849.6593988,-26886964150.340603
ARE,COL,107151178.73928101,488367806.9727363,355.7745539701687,53851341.0,245440709.24970457,191589368.24970457
ARE,DEU,15566947492.426088,7993395850.613495,-48.651488324846056,907000000.0,465731000.89364636,-441268999.10635364
ARE,ECU,13007173.143643733,158351943.47805983,1117.4201244906337,43680679.0,531777376.6601541,488096697.6601541
ARE,IDN,286251005.62561834,126749639.87824562,-55.72080538154727,2130000000.0,943146845.3730432,-1186853154.626957
ARE,IND,7906850594.547275,7169532804.769919,-9.325050232842703,42900000000.0,38899553450.11048,-4000446549.8895187
ARE,JPN,16154307783.184387,3358972883.426616,-79.20695254473797,27100000000.0,5634915860.376009,-21465084139.623993
ARE,KEN,12952283.609646605,138145180.64589095,966.5700721917729,1620000000.0,17278435169.50672,15658435169.506721
ARE,KHM,2918769.7953571235,51154696.97670502,1652.6115645734244,53330241.0,934671971.1808778,881341730.1808778
ARE,KOR,3557484597.9992814,3024205924.059128,-14.990329803256714,5690000000.0,4837050234.194693,-852949765.8053074
ARE,LAO,1754249.3571489581,74084229.94720331,4123.12994702227,54791935.0,2313934615.5379767,2259142680.5379767
ARE,LKA,15165738.186112897,241905151.33978918,1495.0766680206777,1360000000.0,21693042685.08122,20333042685.08122
ARE,MDG,835249.3859950639,44492990.62829831,5226.910905213315,212000000.0,11293051119.052229,11081051119.052229
ARE,MYS,95126307.40735202,185852693.57165024,95.37465359165857,2780000000.0,5431415369.848108,2651415369.8481083
ARE,NZL,7447950.033831084,15461564.182532217,107.59489674743539,1810000000.0,3757467631.1285806,1947467631.1285806
ARE,PAK,199587064.17541853,392424260.802471,96.61808365374142,7320000000.0,14392443723.453873,7072443723.453873
ARE,PHL,219982183.37857318,348726991.99596936,58.52510718826525,948000000.0,1502818016.1447546,554818016.1447546
ARE,RUS,4261436950.9473357,3525064102.6994753,-17.2799188800426,191000000.0,157995354.93911862,-33004645.060881376
ARE,SGP,101390850.65459307,123971599.17653286,22.270992280028647,6200000000.0,7580801521.361776,1380801521.3617764
ARE,THA,457612186.80947775,758760448.8423368,65.80861933168731,5530000000.0,9169216649.042309,3639216649.042309
ARE,USA,182581983562.82523,34511602230.4908,-81.09802426447207,4810000000.0,909185032.8788935,-3900814967.1211066
ARE,ZAF,225793105.23958465,1011006677.1326965,347.75799334525163,1200000000.0,5373095920.143019,4173095920.1430187
AUS,ARE,1455971147.6802068,5608419676.858689,285.2012923329259,2470000000.0,9514471920.62327,7044471920.62327
AUS,AUS,196297601883.01566,113613264673.8129,-42.12192936441415,599000000.0,346689643.10715926,-252310356.89284074
AUS,BGD,975313778.1330577,9599389774.263533,884.2360468482923,555000000.0,5462510060.008022,4907510060.008022
AUS,CAN,2788381717.694308,5265654341.123304,88.84266482271427,1750000000.0,3304746634.3974996,1554746634.3974996
AUS,CHL,204393224.96256092,1070688724.7409879,423.8376785419908,424000000.0,2221071757.0180407,1797071757.0180407
AUS,CHN,132510144173.66238,10935440240.93289,-91.74746936611785,163000000000.0,13451624933.227903,-149548375066.7721
AUS,COL,881464477.3743492,7120566710.233845,707.8109660691193,37642417.0,304079572.41946644,266437155.41946644
AUS,DEU,53394834880.80136,48594461934.06743,-8.990332037640506,2920000000.0,2657482304.5008974,-262517695.4991026
AUS,ECU,114547593.57575011,2471645128.6226,2057.74513585753,26159061.0,564445866.3135041,538286805.3135041
AUS,IDN,2789422468.585917,2189140710.941974,-21.519929820750765,9380000000.0,7361430582.813579,-2018569417.1864214
AUS,IND,37120148874.79384,59656353384.78795,60.71151434766242,15000000000.0,24106727152.149364,9106727152.149364
AUS,JPN,140193645103.25443,51666154964.32338,-63.14657848701303,52200000000.0,19237486029.7792,-32962513970.2208
AUS,KEN,73117557.23884419,1382199516.6044796,1790.3797785385764,236000000.0,4461296277.35104,4225296277.35104
AUS,KHM,20564913.487804983,638810770.1915218,3006.3139194353394,79669015.0,2474769702.4220285,2395100687.4220285
AUS,KOR,26213384520.576614,39495816745.9534,50.67042073468433,18700000000.0,28175368677.38597,9475368677.385971
AUS,LAO,10754208.216128817,804956766.5785817,7385.039813264293,82368758.0,6165334329.991318,6082965571.991318
AUS,LKA,135612542.2304005,3833902724.765855,2727.100400678428,320000000.0,9046721282.170969,8726721282.170969
AUS,MDG,4103389.24688834,387416237.315046,9341.371851545144,9920085.0,936592112.839352,926672027.839352
AUS,MYS,1552816104.3123455,5377097572.134079,246.28038421299678,5370000000.0,18595256632.237926,13225256632.237926
AUS,NZL,197451405.25630507,726501594.5058832,267.93943986513324,5390000000.0,19831935808.730682,14441935808.730682
AUS,PAK,827514084.9110327,2883756079.8464966,248.48422914233944,669000000.0,2331359492.9622507,1662359492.9622507
AUS,PHL,1608655779.0920544,4519816973.294765,180.9685597154792,1730000000.0,4860756083.07779,3130756083.0777903
AUS,RUS,12961894211.637577,19003740613.284122,46.612372412528984,734000000.0,1076134813.5079627,342134813.5079627
AUS,SGP,1418018520.9898298,3073017331.87671,116.7120729658474,4670000000.0,10120453807.505074,5450453807.505074
AUS,THA,2832503589.7296066,8324099094.474631,193.8777950593615,3380000000.0,9933069473.006418,6553069473.006418
AUS,USA,926582846357.2041,310421023832.28577,-66.49829801483112,10400000000.0,3484177006.457563,-6915822993.542437
AUS,ZAF,1139144640.3664343,9040280137.174328,693.6024817942607,756000000.0,5999634762.364611,5243634762.364611
BGD,ARE,217880092.40269792,668745912.6137855,206.93300394685562,607000000.0,1863083333.9574137,1256083333.9574137
BGD,AUS,479001324.933756,220905543.57117698,-53.88206001273016,934000000.0,430741559.4811003,-503258440.5188997
BGD,BGD,6891673397.006587,54048022495.48614,684.2510720104933,252000000000.0,1976312701466.443,1724312701466.443
BGD,CAN,548881792.1297188,825913944.9902449,50.47209742294645,1500000000.0,2257081461.344197,757081461.3441968
BGD,CHL,19084310.622570634,79657938.7153776,317.4001371638111,138000000.0,576012189.2860594,438012189.2860594
BGD,CHN,8727307584.096874,573882896.924373,-93.42428473622131,1010000000.0,66414724.16416479,-943585275.8358352
BGD,COL,103949441.27964056,669094959.4103415,543.673454300124,87531475.0,563416868.7323495,475885393.7323495
BGD,DEU,12776761163.430882,9265399737.165379,-27.482406388839582,8320000000.0,6033463788.448546,-2286536211.5514536
BGD,ECU,12667132.489746919,217788184.00277734,1619.3171712624014,18466326.0,317494713.8192934,299028387.8192934
BGD,IDN,490190874.23952746,306535275.07439846,-37.46613999088594,108000000.0,67536568.80984317,-40463431.19015683
BGD,IND,3625253806.091682,4642386182.027656,28.056859749428828,1730000000.0,2215383673.6651187,485383673.6651187
BGD,JPN,26327028655.57952,7730997181.5344,-70.63475228186846,1440000000.0,422859567.14109415,-1017140432.8589058
BGD,KEN,9030256.337324677,136020696.99355125,1406.277251857604,20828424.0,313733812.6324496,292905388.6324496
BGD,KHM,6902722.400689936,170852605.15497988,2375.1481406510416,11170553.0,276487734.87993914,265317181.87993914
BGD,KOR,1378801688.0783496,1655334100.5795999,20.055996079222705,393000000.0,471820064.59134525,78820064.59134525
BGD,LAO,1123695.5516683557,67019106.065992385,5864.169384357608,529216.0,31563338.64912196,31034122.64912196
BGD,LKA,5167511.706888644,116406854.93428905,2152.667464286744,89293165.0,2011478075.786878,1922184910.786878
BGD,MDG,739877.3575885501,55660960.19593845,7422.998186801092,970501.0,73010772.63288647,72040271.63288647
BGD,MYS,190424138.74289212,525418965.593892,175.9203581344826,310000000.0,855353110.216896,545353110.216896
BGD,NZL,9865887.944330519,28924667.5281941,193.17855312573056,136000000.0,398722832.25099355,262722832.25099355
BGD,PAK,229329081.02084276,636792755.0757658,177.67640817341018,90067346.0,250095771.30991763,160028425.30991763
BGD,PHL,428717042.0192808,959807915.3393073,123.87911402321666,77228362.0,172898172.6202425,95669810.6202425
BGD,RUS,3534712284.132017,4129339066.0514035,16.822494565930498,1270000000.0,1483645680.9873173,213645680.98731732
BGD,SGP,194890688.23115224,336534854.33444613,72.67877567105478,163000000.0,281466404.3438193,118466404.34381932
BGD,THA,1243115662.1514857,2910946108.627825,134.1653473812558,46453687.0,108778437.53495127,62324750.53495127
BGD,USA,183722160840.02374,49043817772.126884,-73.3054425509224,8730000000.0,2330434865.304475,-6399565134.695525
BGD,ZAF,204594722.71612003,1293758746.9890575,532.351963830552,83885102.0,530449089.85826164,446563987.85826164
CAN,ARE,884763148.2012786,1518573216.160904,71.63612874792082,2770000000.0,4754320766.317407,1984320766.3174067
CAN,AUS,1090501372.4166756,281229734.5554833,-74.21096922306056,1810000000.0,466781457.06260383,-1343218542.937396
CAN,BGD,437079521.5599724,1916817212.8560228,338.55113733417346,885000000.0,3881177565.407435,2996177565.407435
CAN,CAN,147628269144.95395,124219742081.6164,-15.856398777088605,3610000000.0,3037584004.1471014,-572415995.8528986
CAN,CHL,143311113.68796042,334501122.15534383,133.40905917713576,1160000000.0,2707545086.4547753,1547545086.4547753
CAN,CHN,66464854881.82199,2443994256.4884834,-96.32287731488465,28600000000.0,1051657087.9429909,-27548342912.05701
CAN,COL,1231265455.538389,4431823075.773118,259.94050314968337,966000000.0,3477025260.425941,2511025260.425941
CAN,DEU,64331112488.97055,26087326077.014526,-59.44835233264907,6490000000.0,2631801933.6110754,-3858198066.3889246
CAN,ECU,141841869.2673689,1363721122.3224823,861.4376413440357,541000000.0,5201377639.671233,4660377639.671233
CAN,IDN,715451231.3444723,250184496.18508807,-65.03122991137458,2040000000.0,713362909.8079586,-1326637090.1920414
CAN,IND,19465646680.151352,13939166465.597755,-28.390940744798446,2690000000.0,1926283693.964922,-763716306.035078
CAN,JPN,64633632074.89788,10613468887.012856,-83.57903068991405,12400000000.0,2036200194.4506583,-10363799805.549341
CAN,KEN,41563707.050694175,350093714.10135704,742.3062785866449,79240571.0,667448304.7209082,588207733.7209082
CAN,KHM,7009242.83694218,97014673.00854515,1284.0963320207684,55285537.0,765205089.7549849,709919552.7549849
CAN,KOR,12428168144.281878,8343650351.65027,-32.86500267145861,4250000000.0,2853237386.463009,-1396762613.5369911
CAN,LAO,4093508.889510481,136524573.20068094,3235.1478373608006,4204605.0,140229792.72706407,136025187.72706407
CAN,LKA,54050775.27452814,680869899.193481,1159.685722795444,127000000.0,1599800867.950214,1472800867.950214
CAN,MDG,1411711.0419785408,59388436.16058838,4106.840804854393,9550103.0,401757629.9096236,392207526.9096236
CAN,MYS,480319323.76455176,741103603.2389306,54.29393875525461,784000000.0,1209664479.841196,425664479.84119606
CAN,NZL,28496651.553964403,46718743.06530667,63.94467601512727,421000000.0,690207086.0236857,269207086.0236857
CAN,PAK,474468577.8365289,736735436.62898,55.27591731961042,513000000.0,796565455.8496014,283565455.8496014
CAN,PHL,521195687.50625116,652498494.2319833,25.192611887096117,801000000.0,1002792821.21564,201792821.21563995
CAN,RUS,12173673427.625748,7952675162.06889,-34.673168215422436,683000000.0,446182261.08866477,-236817738.91133523
CAN,SGP,418507715.79423654,404117400.42332745,-3.4384826916749693,1740000000.0,1680170401.1648555,-59829598.83514452
CAN,THA,1029763877.7762734,1348420669.8886504,30.944646533970623,752000000.0,984703741.935459,232703741.93545902
CAN,USA,8743358133715.067,1305167087888.594,-85.07247366597316,324000000000.0,48365185322.24696,-275634814677.75305
CAN,ZAF,568634140.8631425,2010744657.6327178,253.60955544817688,269000000.0,951209704.1555959,682209704.1555959
CHL,ARE,142767808.93718815,618626280.5581167,333.3093609570532,256000000.0,1109271964.0500562,853271964.0500562
CHL,AUS,348125636.29860055,226652434.21787727,-34.89349516808671,488000000.0,317719743.5797369,-170280256.4202631
CHL,BGD,66184094.536953814,732762497.5205783,1007.1580001920871,37441464.0,414536164.06504023,377094700.06504023
CHL,CAN,624130478.5525588,1325823911.7803273,112.42736212067203,1430000000.0,3037711278.32561,1607711278.3256102
CHL,CHL,3565720769.2899013,21011371408.734295,489.26014593449565,29115735.0,171567422.55090103,142451687.55090103
CHL,CHN,8476949080.2635765,786931727.3146129,-90.71680483315886,39300000000.0,3648295700.568568,-35651704299.431435
CHL,COL,197499133.61954808,1794672777.0040865,808.699063187411,736000000.0,6688025105.059344,5952025105.059344
CHL,DEU,7681914497.687768,7864431513.690491,2.3759313652561453,1270000000.0,1300174328.338753,30174328.338752985
CHL,ECU,27111793.858776387,658064913.5671523,2327.2274899808203,524000000.0,12718672047.499498,12194672047.499498
CHL,IDN,143806475.40075207,126954517.94193235,-11.718496967440165,155000000.0,136836329.70046774,-18163670.299532264
CHL,IND,3680888516.924919,6654416707.447592,80.78289187108584,1220000000.0,2205551280.827247,985551280.8272471
CHL,JPN,8745491533.410646,3625537270.3470016,-58.543927959952164,7580000000.0,3142370260.6356254,-4437629739.364374
CHL,KEN,10875666.113040365,231267851.08091047,2026.470679378534,6780558.0,144186577.76825553,137406019.76825553
CHL,KHM,1167437.5679382072,40793347.34969953,3394.263716538093,5228336.0,182691847.82669908,177463511.82669908
CHL,KOR,1633169021.9129868,2768021572.626742,69.48775879819614,3400000000.0,5762583799.138668,2362583799.138668
CHL,LAO,638350.1906472774,53748140.40881197,8319.851861297664,763877.0,64317311.80252476,63553434.80252476
CHL,LKA,9835582.564901348,312789133.1281064,3080.179019027367,11620648.0,369557409.5710233,357936761.5710233
CHL,MDG,426989.0221284455,45348418.73666108,10520.511625945153,50096.0,5320451.504133483,5270355.504133483
CHL,MYS,87922475.75236924,342482302.9846284,289.5275924090428,211000000.0,821903219.9830804,610903219.9830804
CHL,NZL,10049462.552440692,41593887.70314756,313.8916632217883,70663766.0,292471436.39255255,221807670.39255255
CHL,PAK,86803862.31745589,340276936.29040706,292.0066771291337,35835454.0,140477372.45953923,104641918.45953923
CHL,PHL,105306698.75805761,332831221.95038915,216.05892680680236,51194973.0,161806282.24283224,110611309.24283224
CHL,RUS,1497552422.9119663,2469806853.1309195,64.92289787948927,774000000.0,1276503229.587247,502503229.5872469
CHL,SGP,98333942.59244028,239715929.40397683,143.7774008487744,49688482.0,121129289.94081111,71440807.94081111
CHL,THA,168644557.88033384,557505863.9866529,230.58040591042717,399000000.0,1319015819.5826044,920015819.5826044
CHL,USA,218600539582.10153,82381261219.72545,-62.314246169193524,15000000000.0,5652863074.620972,-9347136925.379028
CHL,ZAF,208662579.53432587,1862764381.6911666,792.7160710120207,122000000.0,1089113606.6346655,967113606.6346655
CHN,ARE,36936104510.86463,87171118090.82077,136.00517500479694,50900000000.0,120126634077.44165,69226634077.44165
CHN,AUS,54581000435.5067,19354828515.999832,-64.53925658825247,70300000000.0,24928902618.458515,-45371097381.54149
CHN,BGD,7319481079.621302,44138071082.72913,503.02186183139594,14800000000.0,89247235551.0466,74447235551.0466
CHN,CAN,70001998058.53658,80992414679.10269,15.70014703205441,66400000000.0,76824897629.28412,10424897629.284119
CHN,CHL,2050040445.8901894,6579500937.616323,220.9449331015177,26800000000.0,86013242071.20676,59213242071.20676
CHN,CHN,21341953702836.89,1079083642280.8617,-94.94383851963175,156000000000.0,7887611909.374468,-148112388090.62552
CHN,COL,12645876184.989527,62588199810.576515,394.92972171329507,14100000000.0,69785090761.57462,55685090761.574615
CHN,DEU,1405230424281.597,783553878203.1492,-44.240185476789016,159000000000.0,88658105091.90546,-70341894908.09454
CHN,ECU,1553395300.9069939,20536003226.678303,1222.0075543351893,5870000000.0,77601843439.47562,71731843439.47562
CHN,IDN,43186648997.3007,20765513749.060654,-51.91682098243241,54400000000.0,26157249385.55677,-28242750614.44323
CHN,IND,425406286341.0942,418875237651.61975,-1.5352496893376368,85900000000.0,84581220516.85896,-1318779483.141037
CHN,JPN,5647473673235.249,1275163344385.5283,-77.42064118990342,180000000000.0,40642845858.17385,-139357154141.82614
CHN,KEN,1689534382.8307576,19568155364.7473,1058.1981144391698,3930000000.0,45517185897.45937,41587185897.45937
CHN,KHM,535926857.05727977,10199635570.61422,1803.1767929339067,6870000000.0,130748245674.5594,123878245674.5594
CHN,KOR,442306323786.36383,408305227532.99365,-7.687228154981767,106000000000.0,97851538155.71931,-8148461844.280685
CHN,LAO,98375869.8439283,4511453555.248031,4485.935110312495,1270000000.0,58241375900.9687,56971375900.9687
CHN,LKA,661439964.8377196,11456856001.555525,1632.1082200357214,5010000000.0,86778621823.78964,81768621823.78964
CHN,MDG,62752385.172044255,3629937362.994299,5684.540863335041,794000000.0,45929254454.880226,45135254454.880226
CHN,MYS,25105158787.717808,53262881007.996635,112.15910824692503,53700000000.0,113929441128.59875,60229441128.598755
CHN,NZL,1140928392.8943272,2571985533.254241,125.42918111885909,11300000000.0,25473497466.43108,14173497466.43108
CHN,PAK,44165389095.907875,94297239701.0492,113.5093602283836,20400000000.0,43555909486.590256,23155909486.590256
CHN,PHL,54818247155.184456,94366242036.82549,72.14385160781407,26900000000.0,46306696082.50198,19406696082.501984
CHN,RUS,496519050204.2544,446005616616.36816,-10.173513698438434,70400000000.0,63237846356.29935,-7162153643.700653
CHN,SGP,27261117462.14323,36195997624.83159,32.775179429441884,46700000000.0,62006008793.549355,15306008793.549355
CHN,THA,78611507538.64307,141542443309.73373,80.05308350072755,48800000000.0,87865904748.35504,39065904748.35504
CHN,USA,23087985975739.07,4739000031213.393,-79.47417312106327,514000000000.0,105502750157.73477,-408497249842.26526
CHN,ZAF,18872376360.53297,91762111147.69035,386.2244658260881,13800000000.0,67098976284.00016,53298976284.00016
COL,ARE,131097866.12335016,353841013.48658776,169.90600529962728,166000000.0,448043968.7973812,282043968.7973812
COL,AUS,255339194.85554603,103551487.57408087,-59.44551809499383,117000000.0,47448743.82885721,-69551256.17114279
COL,BGD,61311575.14697545,422830739.207846,589.6425971674038,143529.0,989837.123288403,846308.123288403
COL,CAN,911990626.5057877,1206744441.2852032,32.31982941631088,1030000000.0,1362894242.988002,332894242.98800206
COL,CHL,33589872.40441288,123290581.02643652,267.04688705587097,1390000000.0,5101951730.076607,3711951730.0766068
COL,CHN,8893428740.707767,514258154.2918613,-94.21754905464127,5610000000.0,324395498.03462476,-5285604501.965375
COL,COL,13633362889.160568,77168054497.68506,466.02362252851646,293000000000.0,1658449214008.553,1365449214008.553
COL,DEU,8333264331.486314,5314072801.342033,-36.230598359116016,1230000000.0,784363640.182873,-445636359.817127
COL,ECU,113957884.21124725,1722936754.4673169,1411.9065840793041,1750000000.0,26458365221.38782,24708365221.38782
COL,IDN,104828328.18876788,57645160.73196532,-45.009939843587176,36819384.0,20247001.410820637,-16572382.589179363
COL,IND,3466681217.722076,3903783399.245191,12.608663850849572,2710000000.0,3051694790.3580236,341694790.35802364
COL,JPN,8802505464.282904,2273049690.6040044,-74.17724192473219,501000000.0,129372017.95709175,-371627982.04290825
COL,KEN,8952799.335974481,118585810.32061961,1224.5668295514406,733085.0,9710200.742417179,8977115.742417179
COL,KHM,988909.1823031352,21524177.472743236,2076.5575502711154,199625.0,4344953.009728714,4145328.009728714
COL,KOR,1675488791.136452,1768863578.8534555,5.572987907228509,683000000.0,721063507.4063708,38063507.40637076
COL,LAO,572662.8330554499,30034328.33967963,5144.679173507923,272818.0,14308428.827580845,14035610.827580845
COL,LKA,8121348.836457676,160877092.72456795,1880.9159286739666,793534.0,15719241.405443676,14925707.405443676
COL,MDG,322502.7666904317,21335034.99572714,6515.457974103677,416631.0,27562048.712087892,27145417.712087892
COL,MYS,68801417.01127791,166936031.76403478,142.63458372764424,97224821.0,235901039.71329725,138676218.71329725
COL,NZL,7138261.375461326,18403210.809353914,157.8108287350933,16755402.0,43197240.754096396,26441838.754096396
COL,PAK,83679074.59195498,204326553.40642676,144.1787918936558,1037007.0,2532151.164452643,1495144.1644526431
COL,PHL,93282512.01305273,183646548.2799098,96.87135811073858,7474439.0,14715029.570458708,7240590.570458708
COL,RUS,1582103720.3775852,1625288210.9185917,2.7295612787447427,202000000.0,207513713.7830644,5513713.783064395
COL,SGP,75589286.00425486,114780513.03754792,51.847595214865514,134000000.0,203475777.58791977,69475777.58791977
COL,THA,145303749.67819005,299204696.7164409,105.91670715938258,57077331.0,117531760.52966148,60454429.52966148
COL,USA,328967355070.8898,77222611806.86314,-76.52575229228374,13100000000.0,3075126449.7108297,-10024873550.28917
COL,ZAF,145952818.88249928,811596782.3472377,456.0679050677476,6799463.0,37809631.45995662,31010168.459956624
DEU,ARE,3862583492.8461637,2691077044.4372034,-30.329608423447436,7870000000.0,5483059817.074687,-2386940182.925313
DEU,AUS,3136806051.719289,328369059.1504058,-89.53173853479318,10200000000.0,1067762669.4510955,-9132237330.548904
DEU,BGD,1528328953.518934,2720674733.0987415,78.01630511772125,563000000.0,1002231797.8127706,439231797.8127706
DEU,CAN,9663523146.258032,3300624563.9985056,-65.84450087154194,13300000000.0,4542681384.084922,-8757318615.915077
DEU,CHL,264964919.24502876,251041561.26989114,-5.254792979693234,2850000000.0,2700238400.078743,-149761599.92125702
DEU,CHN,200421172312.92175,2991515512.3390718,-98.50738548337179,112000000000.0,1671728258.6235952,-110328271741.3764
DEU,COL,1690016355.886405,2469227858.3032246,46.10674326924648,1860000000.0,2717585424.807985,857585424.8079848
DEU,DEU,19756387278776.188,3252037738756.6943,-83.53930962747283,3220000000000.0,530034229995.3747,-2689965770004.6255
DEU,ECU,201058385.3780879,784662419.024336,290.2659506335872,514000000.0,2005966986.256638,1491966986.256638
DEU,IDN,2213985210.8492866,314263985.7030464,-85.80550655157744,3090000000.0,438609847.5562572,-2651390152.4437428
DEU,IND,94141075427.29329,27364446274.557755,-70.93251149898774,12600000000.0,3662503551.127545,-8937496448.872456
DEU,JPN,167448757782.26184,11161440809.801071,-93.33441408725491,20900000000.0,1393107455.7637231,-19506892544.23628
DEU,KEN,201363513.16189954,688478462.1079009,241.9082490651387,385000000.0,1316346758.900784,931346758.900784
DEU,KHM,22195414.186790105,124700763.49193156,461.83120730474525,107000000.0,601159391.8160774,494159391.81607735
DEU,KOR,34977543717.82209,9531863732.525787,-72.74861891554431,18700000000.0,5096008262.793213,-13603991737.206787
DEU,LAO,13214598.460746527,178899283.77204865,1253.8003769351171,20005670.0,270836835.8683956,250831165.86839563
DEU,LKA,193213067.51429975,987957457.2057085,411.3305584947506,369000000.0,1886809760.8456297,1517809760.8456297
DEU,MDG,6191636.623892904,105730693.11402707,1607.6372457973864,77898947.0,1330231433.0559657,1252332486.0559657
DEU,MYS,1536855765.5428944,962546052.7985625,-37.36913545308898,6000000000.0,3757851872.8146615,-2242148127.1853385
DEU,NZL,69729435.44617024,46403742.46534944,-33.45171638285782,2200000000.0,1464062239.577128,-735937760.4228721
DEU,PAK,2393254165.3222156,1508455379.0975084,-36.97053154843595,975000000.0,614537317.4027495,-360462682.59725046
DEU,PHL,1894106910.105391,962548739.5983485,-49.18192133384959,2100000000.0,1067179651.9891586,-1032820348.0108414
DEU,RUS,77135188497.90329,20454255779.472546,-73.4825879371144,25300000000.0,6708905251.910055,-18591094748.089943
DEU,SGP,1667606300.468204,653637785.0674834,-60.80383092316421,8370000000.0,3280719351.7311554,-5089280648.268845
DEU,THA,3350868907.559582,1781085329.3136342,-46.84706031634082,4990000000.0,2652331690.214593,-2337668309.785407
DEU,USA,3328192781334.718,201667475281.68024,-93.9406311914178,115000000000.0,6968274129.869542,-108031725870.13046
DEU,ZAF,2174291909.4868007,3120910994.147879,43.53689035638777,4380000000.0,6286915797.609784,1906915797.6097841
ECU,ARE,35036698.66973001,121011256.05781026,245.38429889902287,206000000.0,711491655.7319871,505491655.7319871
ECU,AUS,73053365.17672972,37911339.299700126,-48.104595581619655,21508283.0,11161810.446299748,-10346472.553700252
ECU,BGD,16449027.028157452,145162465.60120857,782.4987967538711,179114.0,1580678.8948177285,1401564.8948177285
ECU,CAN,231304835.8083899,391651404.2552594,69.32261830431364,303000000.0,513047533.4620703,210047533.4620703
ECU,CHL,10151798.756135864,47682013.71258745,369.690296842891,1170000000.0,5495376473.061825,4325376473.061825
ECU,CHN,2405159477.776632,177969622.23958302,-92.60050637456686,5350000000.0,395872908.960673,-4954127091.039327
ECU,COL,250891509.38683793,1817232787.3577125,624.3101975825758,812000000.0,5881398804.370516,5069398804.370516
ECU,DEU,2182669740.675606,1781108650.008584,-18.397702739156767,569000000.0,464317071.41419804,-104682928.58580196
ECU,ECU,809435110.3888366,15660190476.124378,1834.7061024572474,80300000000.0,1553569000273.1697,1473269000273.1697
ECU,IDN,29711196.169031955,20907127.838262815,-29.632157119091826,166000000.0,116810619.18230759,-49189380.817692414
ECU,IND,927496418.668269,1336515777.5697842,44.09929253298887,971000000.0,1399204130.495322,428204130.495322
ECU,JPN,2408169227.1331954,795755542.4074175,-66.95599572316084,1270000000.0,419658854.3158573,-850341145.6841427
ECU,KEN,2418182.415145566,40987646.02439724,1594.9774246840648,295067.0,5001319.037692529,4706252.037692529
ECU,KHM,267816.9208295178,7459302.343822598,2685.2244438919934,11343.0,315928.0086706688,304585.0086706688
ECU,KOR,455647713.22954804,615562353.255016,35.09611381389848,90504367.0,122267882.64886838,31763515.648868382
ECU,LAO,154546.63298298878,10372143.52592007,6611.335812189291,1860.0,124830.8461067208,122970.8461067208
ECU,LKA,2189911.786911796,55511467.50522665,2434.8723102453678,2415628.0,61233085.290533975,58817457.290533975
ECU,MDG,88313.58310531771,7476140.656044485,8365.448227968363,48810.0,4131985.280071358,4083175.280071358
ECU,MYS,18559004.30015908,57623206.10096631,210.48651732071846,193000000.0,599238978.4289867,406238978.42898667
ECU,NZL,2057757.8212394812,6788681.898877913,229.90674747083608,59588423.0,196586228.1884636,136997805.1884636
ECU,PAK,22355155.6557192,69851491.21396232,212.46255803229877,326372.0,1019790.2999011741,693418.2999011741
ECU,PHL,25654514.0991838,64630330.07558352,151.92576178100265,26194014.0,65989469.31052249,39795455.31052249
ECU,RUS,418159808.8217372,549702567.1235813,31.457532629091382,1460000000.0,1919279976.3847344,459279976.3847344
ECU,SGP,20576015.247583352,39981513.9070996,94.31125718958346,25244997.0,49053871.04817262,23808874.048172623
ECU,THA,39162995.01019923,103194731.46398194,163.5006118329482,14817731.0,39044811.84476043,24227080.844760433
ECU,USA,82302030458.93427,24722493764.77387,-69.9612590030698,8310000000.0,2496219376.8448997,-5813780623.1551
ECU,ZAF,40280839.64434255,286626530.85324955,611.5703976977707,7744901.0,55110422.84699862,47365521.84699862
IDN,ARE,1362400107.076585,4630388886.656445,239.86997377681175,2470000000.0,8394788352.28725,5924788352.28725
IDN,AUS,3143300796.0127134,1605184844.0291033,-48.933145498983585,3600000000.0,1838406762.0365913,-1761593237.9634087
IDN,BGD,1124720249.7526076,9767172176.138124,768.4090268923765,1670000000.0,14502430749.102686,12832430749.102686
IDN,CAN,2061473200.5960178,3434811245.3855176,66.61925289120602,1550000000.0,2582598419.813693,1032598419.813693
IDN,CHL,95143818.9980036,439746483.54695237,362.1913311638032,291000000.0,1344976773.6866672,1053976773.6866672
IDN,CHN,118148657014.05904,8602823188.46499,-92.718644963149,62700000000.0,4565409608.105577,-58134590391.894424
IDN,COL,407791001.2205274,2906514171.826374,612.7460299827885,317000000.0,2259404915.0454397,1942404915.0454397
IDN,DEU,42467622080.601845,34101268667.842594,-19.700545975661758,4620000000.0,3709834775.924427,-910165224.075573
IDN,ECU,52497367.74348343,999453830.699605,1803.8170362811543,143000000.0,2722458361.8820505,2579458361.8820505
IDN,IDN,103124328478.36786,71407787778.16792,-30.75563367848067,49275617.0,34120588.74266886,-15155028.25733114
IDN,IND,48449350004.75781,68700517871.07272,41.7986368533865,16700000000.0,23680372354.515545,6980372354.515545
IDN,JPN,104388146213.0008,33943299968.988888,-67.48356858476188,19200000000.0,6243154831.725718,-12956845168.274282
IDN,KEN,76643759.97695254,1278353390.5227203,1567.9158106375949,405000000.0,6755059033.08226,6350059033.08226
IDN,KHM,31802806.0333339,871637378.2411866,2640.7562003415223,664000000.0,18198621170.267708,17534621170.267708
IDN,KOR,21898522332.76288,29111720572.871304,32.93920078487029,7470000000.0,9930558298.62981,2460558298.6298103
IDN,LAO,14046820.811395941,927677919.318598,6504.184190674584,20673568.0,1365320509.50436,1344646941.50436
IDN,LKA,167394379.97352907,4175487306.356178,2394.401130442055,479000000.0,11948181414.817444,11469181414.817444
IDN,MDG,3357600.5650633923,279697892.8839834,8230.290856938267,48336520.0,4026572706.1221366,3978236186.1221366
IDN,MYS,4385500009.805157,13398990202.043442,205.52936203593225,13400000000.0,40940934512.81492,27540934512.81492
IDN,NZL,59194563.22314959,192168953.80028263,224.63953332310408,765000000.0,2483492429.9217463,1718492429.9217463
IDN,PAK,1027037369.7837183,3157871380.250763,207.47385374261236,4190000000.0,12883154471.815458,8693154471.815458
IDN,PHL,2220312248.659068,5504233415.149518,147.90357385425116,8910000000.0,22088208430.41378,13178208430.41378
IDN,RUS,10749625011.95355,13905576496.649462,29.358712338211824,2610000000.0,3376262392.027329,766262392.027329
IDN,SGP,4681693933.595878,8951816829.44124,91.20892899903008,13600000000.0,26004414343.86809,12404414343.868092
IDN,THA,4101543351.123764,10635040335.63715,159.29362255121117,5730000000.0,14857524572.184402,9127524572.184402
IDN,USA,687061504904.9055,203089537169.11636,-70.4408505324097,27500000000.0,8128766103.587335,-19371233896.412666
IDN,ZAF,954128955.2311752,6680902834.495436,600.209630770164,610000000.0,4271278747.6980004,3661278747.6980004
IND,ARE,3177659509.719378,6489050990.4453125,104.20850536684361,20700000000.0,42271160610.93663,21571160610.93663
IND,AUS,3532055642.298256,1083746413.5925953,-69.31683633139433,6240000000.0,1914629412.920994,-4325370587.079006
IND,BGD,702366661.606421,3664791294.279285,421.7775123177602,7780000000.0,40594290458.32175,32814290458.321747
IND,CAN,4736010686.098479,4741315823.985737,0.11201701682873404,4610000000.0,4615163984.475804,5163984.475804329
IND,CHL,205636868.29591516,571062714.6841015,177.70444055894293,1230000000.0,3415764618.8749986,2185764618.8749986
IND,CHN,98271902828.12477,4299348021.917965,-95.62504856608156,27800000000.0,1216236498.629326,-26583763501.370674
IND,COL,1138725550.2393239,4876574921.296313,328.24848535904135,1140000000.0,4882032733.093072,3742032733.093072
IND,DEU,152478483211.3431,73566853978.69626,-51.75263261457765,12400000000.0,5982673555.792371,-6417326444.207629
IND,ECU,138380792.10583305,1582931237.9833505,1043.8951995394934,354000000.0,4049389006.369807,3695389006.369807
IND,IDN,4091043849.75286,1702078588.1693757,-58.39500502366412,7550000000.0,3141177120.7133594,-4408822879.28664
IND,IND,1163156951462.0933,990994867182.6753,-14.801277167540416,2490000000000.0,2121448198528.2437,-368551801471.75635
IND,JPN,238195597860.7907,46536920001.88148,-80.46272877424076,6000000000.0,1172236273.5455546,-4827763726.454445
IND,KEN,83861149.26608334,840419196.8724569,902.1555919844216,2020000000.0,20243542958.085316,18223542958.085316
IND,KHM,48100593.48979851,792103384.3964181,1546.7642640717365,121000000.0,1992584759.526801,1871584759.526801
IND,KOR,12149519581.77845,9704500740.609592,-20.124407592509556,4840000000.0,3865978672.5225377,-974021327.4774623
IND,LAO,6878565.788986134,272946859.2168723,3868.0780498445047,34355573.0,1363255951.1113052,1328900378.1113052
IND,LKA,49171750.76097252,736958436.5809197,1398.743537042902,4640000000.0,69541700118.79065,64901700118.79065
IND,MDG,8080602.632943243,404450097.6912236,4905.197211930077,271000000.0,13564084444.33051,13293084444.33051
IND,MYS,1461784492.031657,2683473630.9249344,83.57518810418603,5840000000.0,10720790985.284464,4880790985.284464
IND,NZL,74281929.06642851,144892400.51203686,95.05740135324587,685000000.0,1336143199.2697341,651143199.2697341
IND,PAK,5476345530.984371,10117193632.516134,84.74352239599412,382000000.0,705720255.5526975,323720255.55269754
IND,PHL,2702387856.4904666,4025237380.0032816,48.95113483934802,2330000000.0,3470561441.7568088,1140561441.7568088
IND,RUS,43997319927.764114,34196600518.073235,-22.275719125123857,4160000000.0,3233330084.3948474,-926669915.6051526
IND,SGP,1212685846.7274544,1393212962.610125,14.886552553560335,5140000000.0,5905168801.253001,765168801.2530012
IND,THA,7912073599.869259,12326596568.6716,55.79476622759535,4070000000.0,6340846985.463131,2270846985.463131
IND,USA,1593717848292.5164,283050807768.6842,-82.23959102472621,74000000000.0,13142702641.702604,-60857297358.29739
IND,ZAF,1761977945.4620996,7412924494.189604,320.7160772517773,3440000000.0,14472633057.461138,11032633057.461138
JPN,ARE,3951668917.852502,3341264784.217199,-15.44674278955084,10800000000.0,9131751778.72851,-1668248221.27149
JPN,AUS,8119597952.151265,1031552124.3302844,-87.29552706415744,13800000000.0,1753217265.1462731,-12046782734.853727
JPN,BGD,3104671739.881576,6707451825.103733,116.04383287746809,1370000000.0,2959800510.421313,1589800510.4213128
JPN,CAN,9571737270.886484,3967651297.5426297,-58.548263651043925,11300000000.0,4684046207.432035,-6615953792.567965
JPN,CHL,297386268.1719082,341948144.19132197,14.984510311570325,2000000000.0,2299690206.2314067,299690206.2314067
JPN,CHN,794086928981.7245,14384600321.360918,-98.18853581435894,196000000000.0,3550469803.856466,-192449530196.14352
JPN,COL,1759947980.7196236,3120701162.904069,77.31780695177412,1140000000.0,2021422999.2502248,881422999.2502248
JPN,DEU,165081994887.8805,32978420034.401913,-80.0230061086916,25600000000.0,5114110436.174949,-20485889563.82505
JPN,ECU,218695045.17507344,1035813809.6519105,373.6338716877209,561000000.0,2657086020.168114,2096086020.1681142
JPN,IDN,5365197765.850206,924246308.6340086,-82.77330400536418,13900000000.0,2394510743.2543793,-11505489256.74562
JPN,IND,144984675629.13025,51146003208.25729,-64.72316609578215,14100000000.0,4974033580.494718,-9125966419.505283
JPN,JPN,42286589347273.586,3420763736634.5034,-91.9105234320463,3980000000000.0,321961167404.5569,-3658038832595.4434
JPN,KEN,195142570.20458382,809736452.4445645,314.946083571438,889000000.0,3688870682.9500847,2799870682.9500847
JPN,KHM,58509426.45619004,398945701.98654217,581.8485945769092,566000000.0,3859263045.3053064,3293263045.3053064
JPN,KOR,233405021577.1339,77193512579.6324,-66.9272271615964,44300000000.0,14651238367.412794,-29648761632.587204
JPN,LAO,34437578.52044129,565808318.3652856,1542.9968153232255,173000000.0,2842384490.50918,2669384490.50918
JPN,LKA,325595575.53476816,2020516185.5869462,520.5600866253752,432000000.0,2680819574.2216206,2248819574.2216206
JPN,MDG,7437195.6085202275,154129906.12439445,1972.419689322405,38139938.0,790419584.6073579,752279646.6073579
JPN,MYS,3653066045.6863656,2776693999.4269104,-23.99004111339016,17500000000.0,13301742805.156723,-4198257194.843277
JPN,NZL,170779268.40142545,137928527.10357863,-19.235789920723555,2710000000.0,2188710093.1483917,-521289906.8516083
JPN,PAK,3325192694.42615,2543563318.1743093,-23.506288148715285,2070000000.0,1583419835.3215938,-486580164.67840624
JPN,PHL,7087578815.515623,4371175399.554742,-38.32625338873586,11500000000.0,7092480860.295377,-4407519139.704623
JPN,RUS,42705246493.97295,13743408684.975254,-67.81798534539573,8720000000.0,2806271677.8814926,-5913728322.118507
JPN,SGP,4057413612.115342,1930078598.8295283,-52.43081471737664,17400000000.0,8277038239.176465,-9122961760.823536
JPN,THA,8204982357.871579,5292818861.624987,-35.492623496658254,27400000000.0,17675021161.915638,-9724978838.084362
JPN,USA,3132536595553.9155,230359236927.89832,-92.64623956014263,124000000000.0,9118662945.42314,-114881337054.57686
JPN,ZAF,2300979160.115247,4008282379.072423,74.19898661192848,1370000000.0,2386526116.5834203,1016526116.5834203
KEN,ARE,75483933.23948497,270379051.32348,258.19417420348094,391000000.0,1400539221.1356103,1009539221.1356103
KEN,AUS,100889007.5656224,54298605.729998834,-46.17985939183636,34245900.0,18431191.532531116,-15814708.467468884
KEN,BGD,25370551.01117366,232198788.13821664,815.2295826604317,3902304.0,35715040.61334133,31812736.61334133
KEN,CAN,146643379.75491637,257509564.44483882,75.60258422522176,35710078.0,62707819.79684238,26997741.79684238
KEN,CHL,8810661.821611851,42917661.27093001,387.11052744819244,8341923.0,40634385.12462208,32292462.124622077
KEN,CHN,5659744749.208111,434324944.5939838,-92.32606833276796,218000000.0,16729171.03456584,-201270828.96543416
KEN,COL,42645023.41497115,320338313.06080943,651.1739645295868,1340614.0,10070343.332838675,8729729.332838675
KEN,DEU,4729492450.272802,4002513901.6154656,-15.371174735999501,196000000.0,165872497.51744097,-30127502.482559025
KEN,ECU,5231870.412311719,104975489.22173652,1906.4619523967292,1143885.0,22951617.304173324,21807732.304173324
KEN,IDN,93848498.9199409,68488474.96767786,-27.022301096042945,19420350.0,14172524.549094625,-5247825.450905375
KEN,IND,1216088436.1083772,1817368242.2884371,49.44375658272226,167000000.0,249571073.49314618,82571073.49314618
KEN,JPN,4649090489.37228,1593223106.4424593,-65.7304345853338,77060511.0,26408302.226021044,-50652208.773978956
KEN,KEN,720607115.8163999,12667134790.99439,1657.8420352737385,77000000000.0,1353538367160.7786,1276538367160.7786
KEN,KHM,842192.527571658,24326941.406477977,2788.5249643120487,158095.0,4566613.5423291335,4408518.5423291335
KEN,KOR,988022107.7886193,1384284786.454629,40.10666113058144,36884225.0,51677256.131391205,14793031.131391205
KEN,LAO,480071.9964707917,33414215.618905302,6860.250934140516,6260.0,435711.7084771963,429451.7084771963
KEN,LKA,4230964.615878051,111227303.32269053,2528.887580512359,4885549.0,128435590.90084574,123550041.90084574
KEN,MDG,551637.0001290473,48430535.75838627,8679.421203990427,1806991.0,158643351.00819865,156836360.00819865
KEN,MYS,29035052.73726433,93493472.92612064,222.00207718627186,29018334.0,93439638.24485017,64421304.24485017
KEN,NZL,2286125.706224146,7821809.463897552,242.14257958790714,2853444.0,9762846.90869636,6909402.908696361
KEN,PAK,28380743.577527225,91968198.82247764,224.05140679718124,511000000.0,1655902688.733596,1144902688.733596
KEN,PHL,51650196.290099464,134946145.47243005,161.26937584997546,5061640.0,13224515.2357727,8162875.235772699
KEN,RUS,1058224873.4352905,1442711086.9129279,36.33312948215712,141000000.0,192229712.56984153,51229712.569841534
KEN,SGP,24953036.186937843,50284864.63748455,101.51802073611849,7897402.0,15914688.199974637,8017286.1999746375
KEN,THA,127906983.79253978,349535920.434406,173.2735227353495,17174032.0,46932082.2420962,29758050.2420962
KEN,USA,50808914820.48181,15828420268.39255,-68.84715935320098,679000000.0,211527787.99176532,-467472212.0082347
KEN,ZAF,105020845.5205499,775013576.2799006,637.9616612668103,19811915.0,146204337.0627684,126392422.0627684
KHM,ARE,23115984.20631531,91425398.6356423,295.507272455502,195000000.0,771239181.2882289,576239181.2882289
KHM,AUS,38561456.77288872,22915757.398062337,-40.573413673070455,265000000.0,157480453.7663633,-107519546.2336367
KHM,BGD,26354488.91064129,266330315.25657076,910.5690767125186,9227907.0,93254374.56978987,84026467.56978987
KHM,CAN,33606529.20738325,65161417.06891956,93.89511087804864,1420000000.0,2753310574.4682903,1333310574.4682903
KHM,CHL,1285259.1368987649,6912802.849135247,437.8528462217611,38184361.0,205375672.4500921,167191311.4500921
KHM,CHN,2439718400.570313,206725278.12753266,-91.5266746326458,2080000000.0,176245167.6409676,-1903754832.3590324
KHM,COL,6401331.016420562,53094161.67041891,729.4237797455382,31163220.0,258475157.21441752,227311937.21441752
KHM,DEU,708437235.8444015,661996430.6924766,-6.55538737974029,1870000000.0,1747414255.9988568,-122585744.00114322
KHM,ECU,787426.9988211369,17445249.532858234,2115.475156297111,9568730.0,211992835.92314854,202424105.92314854
KHM,IDN,52920061.24872656,42642873.19831181,-19.420211934584735,49255799.0,39690218.44412693,-9565580.555873074
KHM,IND,947892644.2376468,1564130139.2971265,65.01131734755633,75952120.0,125329593.7653968,49377473.7653968
KHM,JPN,1894288787.9944112,716788025.1538296,-62.1605728917008,1750000000.0,662189974.3952359,-1087810025.604764
KHM,KEN,1144499.8841035382,22214244.83217529,1840.956494685469,346401.0,6723492.707155411,6377091.707155411
KHM,KHM,33101920.10081346,1055760153.6855159,3089.4226995598697,10400000000.0,331699960754.22644,321299960754.22644
KHM,KOR,430103651.4381851,665377128.8091044,54.70157637216271,318000000.0,491951012.8634774,173951012.8634774
KHM,LAO,323251.54298222024,24842852.417165834,7585.3004901301465,1834675.0,141000286.76729527,139165611.76729527
KHM,LKA,2811837.220991546,81620292.2961193,2802.7388814256224,3050178.0,88538702.75869042,85488524.75869042
KHM,MDG,21267.083031046735,2061625.4535432307,9593.973783492396,181634.0,17607552.341908578,17425918.341908578
KHM,MYS,56577531.84739919,201158610.25648397,255.54504356791068,107000000.0,380433196.61766446,273433196.61766446
KHM,NZL,760352.9587914012,2872488.649117794,277.7835827302733,27771614.0,104916598.35122216,77144984.35122216
KHM,PAK,19537852.297212955,69907969.61362316,257.80785190803914,876524.0,3136271.695858421,2259747.695858421
KHM,PHL,46246527.30854765,133414671.14455022,188.48581484709976,42052694.0,121316056.95105743,79263362.95105743
KHM,RUS,186128132.07383752,280187901.3761131,50.53495581471899,202000000.0,304080610.74573237,102080610.74573237
KHM,SGP,56637857.58612274,126024987.09095976,122.51015921519968,2640000000.0,5874268203.281272,3234268203.281272
KHM,THA,236044781.99407053,712242549.8271177,201.74043408636302,1150000000.0,3470014991.9931746,2320014991.9931746
KHM,USA,11190407850.975527,3849280188.1615295,-65.6019669754399,9080000000.0,3123341398.6300573,-5956658601.369943
KHM,ZAF,13117455.200494183,106885635.81704494,714.8351504415136,25822235.0,210408647.40961117,184586412.40961117
KOR,ARE,1373302696.260305,2521008010.3018446,83.57263967855751,3570000000.0,6553543236.524503,2983543236.5245028
KOR,AUS,2395853960.66479,660837386.5116292,-72.41745960474724,9220000000.0,2543110224.4423046,-6676889775.557695
KOR,BGD,256594117.12039322,1203555659.0387378,369.0503712811283,1010000000.0,4737408749.939396,3727408749.939396
KOR,CAN,2904493268.9249463,2613910492.2852397,-10.004594596539086,7170000000.0,6452670567.428147,-717329432.5718527
KOR,CHL,87639293.39232446,218784130.77908826,149.64159603579094,1700000000.0,4243907132.608446,2543907132.608446
KOR,CHN,98144965645.65752,3859894102.886042,-96.06715018188318,210000000000.0,8258984618.04533,-201741015381.95468
KOR,COL,528647400.7655427,2035148307.3834572,284.97272557026224,890000000.0,3426257257.575334,2536257257.575334
KOR,DEU,54417443207.32075,23601840982.63071,-56.62816995515224,11100000000.0,4814273134.978101,-6285726865.021899
KOR,ECU,65299849.82978273,671479171.9382191,928.3012498322207,860000000.0,8843390748.557098,7983390748.557098
KOR,IDN,1776153135.0572057,664293505.965385,-62.59931123878068,9200000000.0,3440863366.032178,-5759136633.967822
KOR,IND,11670205994.533613,8938110773.686043,-23.410856861715196,16800000000.0,12866976047.231846,-3933023952.768154
KOR,JPN,368333518596.3598,64690316148.67383,-82.43702707394245,29900000000.0,5251328904.891208,-24648671095.10879
KOR,KEN,65445792.36087088,589591224.0568959,800.8848434531355,486000000.0,4378300339.182239,3892300339.1822386
KOR,KHM,20964467.130352464,310348312.4771497,1380.3539271829422,547000000.0,8097535981.690694,7550535981.690694
KOR,KOR,935568526415.7548,671774975278.2836,-28.196069415469484,1390000000000.0,998074635124.9742,-391925364875.02576
KOR,LAO,2841458.8081171373,101357454.86948681,3467.092177438611,56363133.0,2010524908.2023203,1954161775.2023203
KOR,LKA,25063649.271046177,337680322.6789975,1247.2911267916993,318000000.0,4284385783.1976037,3966385783.1976037
KOR,MDG,2468719.1178958677,111077731.17332189,4399.407420152171,42666408.0,1919735527.4643993,1877069119.4643993
KOR,MYS,1259628750.5498426,2078694527.932248,65.02437936772036,12000000000.0,19802925524.126442,7802925524.126442
KOR,NZL,49987607.769324645,87651411.40618086,75.34628144371604,2030000000.0,3559529513.307435,1529529513.307435
KOR,PAK,1208918534.1117742,2007707225.135662,66.07465006819339,1480000000.0,2457904821.009262,977904821.0092621
KOR,PHL,2430676754.3112144,3254656431.4832983,33.899187776022345,9580000000.0,12827542188.94294,3247542188.9429398
KOR,RUS,14501910633.92158,10132487187.907772,-30.12998463659844,12800000000.0,8943361966.5154,-3856638033.4846
KOR,SGP,1384313848.1879904,1429676857.6431346,3.2769309874724195,15200000000.0,15698093510.095808,498093510.095808
KOR,THA,2982836558.760877,4177499892.9026275,40.05125023135812,7580000000.0,10615884767.536945,3035884767.5369453
KOR,USA,954551759557.1383,152400562851.0598,-84.03433220616914,90700000000.0,14480860689.004593,-76219139310.9954
KOR,ZAF,751212214.1479844,2841095781.6688538,278.2014892943653,652000000.0,2465873710.1992617,1813873710.1992617
LAO,ARE,21977451.954649113,106857910.40788314,386.21610288757057,9539910.0,46384578.62098163,36844668.62098163
LAO,AUS,31899101.73759563,23304194.792507336,-26.944040668576296,360000000.0,263001453.59312534,-96998546.40687466
LAO,BGD,6786663.548361116,84313513.71288125,1142.341146162193,36417.0,452423.3751978858,416006.3751978858
LAO,CAN,31047151.501218297,74005412.50884882,138.36458074404936,27070557.0,64526619.69812891,37456062.69812891
LAO,CHL,1111704.8367730326,7350685.314448667,561.2083595665235,116670.0,771431.793106263,654761.793106263
LAO,CHN,708428840.3656514,73794667.59715952,-89.58333379551985,2250000000.0,234374989.6008034,-2015625010.3991966
LAO,COL,5863897.103333443,59791257.57433288,919.6505245691197,1926504.0,19643608.141845074,17717104.141845074
LAO,DEU,667214636.6260478,766469181.5282601,14.875954371163054,153000000.0,175760210.18787947,22760210.187879473
LAO,ECU,718795.4251431188,19577041.125708055,2623.590112139359,334992.0,9123808.98845788,8788816.98845788
LAO,IDN,36974848.87462854,36627509.7720999,-0.9393928930078113,37967199.0,37610537.83091987,-356661.16908013076
LAO,IND,214427301.94145983,434979387.08519024,102.85634485292486,852963.0,1730289.5647478534,877326.5647478534
LAO,JPN,1763706931.7444751,820438135.138386,-53.48217323572607,129000000.0,60007996.525913365,-68992003.47408664
LAO,KEN,1032010.7240503908,24624922.695040736,2286.111124736564,30822.0,735447.1708663037,704625.1708663037
LAO,KHM,511345.0711136969,20049383.334971283,3820.910646758405,103000000.0,4038537966.161157,3935537966.161157
LAO,KOR,92215544.21282944,175377444.3655929,90.18208466116019,43806180.0,83311506.33442023,39505326.334420234
LAO,LAO,3287427.097515477,310593131.8218413,9347.909340912132,14800000000.0,1398290582454.9956,1383490582454.9956
LAO,LKA,556476.0892808337,19857718.182723396,3468.4764476379705,1531467.0,54650039.1983478,53118572.1983478
LAO,MDG,18620.618471288024,2219069.0030453103,11817.267981549558,184668.0,22007380.436167937,21822712.436167937
LAO,MYS,34438707.583450146,150527669.60384455,337.08861384851184,21486040.0,93913034.40693681,72426994.40693681
LAO,NZL,640055.4593219031,2972593.690552383,364.42751909368167,2355495.0,10939566.990875717,8584071.990875717
LAO,PAK,19781149.813610945,87011421.40901458,339.8703929189398,465248.0,2046488.2056475088,1581240.2056475088
LAO,PHL,37580558.906074785,133279256.85621344,254.64948030527896,8032897.0,28488627.463958345,20455730.463958345
LAO,RUS,178506992.6507588,330344786.60505325,85.05985771176958,10662455.0,19731924.05158146,9069469.051581461
LAO,SGP,34965910.905456275,95646604.19808091,173.5424352498584,93666957.0,256218875.20223773,162551918.20223773
LAO,THA,212916602.58189103,789801406.8091464,270.9440209132477,2970000000.0,11017037421.123457,8047037421.123457
LAO,USA,10340248157.149366,4372596825.794666,-57.71284441784501,222000000.0,93877485.39238408,-128122514.60761592
LAO,ZAF,11490497.384180296,115102153.21978359,901.7160212598986,1309966.0,13122139.295057444,11812173.295057444
LKA,ARE,81780907.07991315,309677986.45014805,278.66783031342834,229000000.0,867149331.4177508,638149331.4177508
LKA,AUS,173141918.79382816,98511503.49749832,-43.10360877148263,252000000.0,143378905.89586377,-108621094.10413623
LKA,BGD,13433571.236690406,129975478.54604816,867.5422585399554,161000000.0,1557743036.2493281,1396743036.2493281
LKA,CAN,176453511.89906928,327567723.4537394,85.63967354818467,364000000.0,675728411.7153922,311728411.71539223
LKA,CHL,7372808.38384553,37966481.894302025,414.95278213780676,58036272.0,298859397.31306493,240823125.31306493
LKA,CHN,2050219856.1971738,166325277.30347288,-91.88744188577029,641000000.0,52001497.51221249,-588998502.4877875
LKA,COL,35794628.908927634,284248567.399276,694.109552364659,21359635.0,169618901.88522503,148259266.88522503
LKA,DEU,4199044188.3783007,3756718474.3724174,-10.533961877088805,1010000000.0,903606985.041403,-106393014.95859694
LKA,ECU,4384042.275436098,92991992.96504003,2021.1472682660146,14252526.0,302317065.9079035,288064539.9079035
LKA,IDN,189658186.72346503,146319312.72081396,-22.85104310621834,49422163.0,38128683.22884451,-11293479.771155491
LKA,IND,659781620.1680338,1042360347.9064479,57.985660109928276,961000000.0,1518242193.6564107,557242193.6564107
LKA,JPN,7177524205.64043,2600298203.8895044,-63.77165538715885,282000000.0,102163931.80821203,-179836068.19178796
LKA,KEN,3914890.198090889,72751059.84232292,1758.3167384311375,40578625.0,754079380.6002022,713500755.6002022
LKA,KHM,1914546.8523329643,58463123.85718407,2953.6272218119934,4047742.0,123602951.58071722,119555209.58071722
LKA,KOR,350113961.41003126,518570856.73887974,48.11487512534882,109000000.0,161445213.8866302,52445213.88663021
LKA,LAO,239523.90531134894,17624372.1427233,7258.0848307453825,56532.0,4159672.5165169793,4103140.5165169793
LKA,LKA,441320646.4732708,12264960491.93131,2679.1494891400134,79100000000.0,2198307245909.7507,2119207245909.7507
LKA,MDG,345478.7658688345,32064696.83281066,9181.235201871837,472707.0,43873048.485712305,43400341.485712305
LKA,MYS,69760354.211179,237469175.05142272,240.4070660715891,75470057.0,256905406.79625595,181435349.79625595
LKA,NZL,3580116.265124084,12949236.099708322,261.6987589440622,45446245.0,164378504.15167794,118932259.15167794
LKA,PAK,58715394.637557775,201143400.78387672,242.57353122721537,73126809.0,250513091.86508116,177386282.86508116
LKA,PHL,119566883.45620368,330247326.39925957,176.2030060942638,6433460.0,17769409.915872023,11335949.915872023
LKA,RUS,1092637414.9063103,1574770842.1911876,44.12565602343194,278000000.0,400669323.7451408,122669323.74514079
LKA,SGP,71419429.32875283,152149369.79322505,113.03638410895431,86900760.0,185130236.8672005,98229476.8672005
LKA,THA,313979559.53337926,907065866.2433956,188.89328578950537,70020119.0,202283422.49282175,132263303.49282175
LKA,USA,59630856113.62172,19638512581.959236,-67.06652585275708,2930000000.0,964950792.5142174,-1965049207.4857826
LKA,ZAF,85681709.1372921,668439051.145326,680.1420605117162,28702565.0,223920782.01071468,195218217.01071468
MDG,ARE,16042763.903967468,75809218.83396573,372.5446268969755,160000000.0,756071403.0351608,596071403.0351608
MDG,AUS,18660348.17816809,13249176.396013336,-28.99823588761126,15782524.0,11205870.46146114,-4576653.53853886
MDG,BGD,6850849.207550377,82717760.72452763,1107.4088659456074,734403.0,8867246.933770519,8132843.933770519
MDG,CAN,16415300.923470424,38028050.56548383,131.66222016138445,154000000.0,356759819.04853207,202759819.04853207
MDG,CHL,1140050.8588678534,7326154.160541598,542.6164327280063,1066969.0,6856518.126113682,5789549.126113682
MDG,CHN,692811199.0144309,70138607.32356296,-89.8762307215386,321000000.0,32497299.38386107,-288502700.61613894
MDG,COL,5062881.9603098305,50172141.72103974,890.979882888073,557978.0,5529449.730941212,4971471.730941212
MDG,DEU,479285254.60037774,535102144.7956023,11.645860092600602,221000000.0,246737350.80464733,25737350.804647326
MDG,ECU,629724.044288356,16668845.302966267,2547.007916269664,44150.0,1168653.9950330565,1124503.9950330565
MDG,IDN,13549847.532158282,13045144.226091849,-3.724789558469973,45462017.0,43768652.53771415,-1693364.4622858465
MDG,IND,386191712.89605916,761386263.8502867,97.15240861608251,112000000.0,220810697.65001243,108810697.65001243
MDG,JPN,583955876.766087,264005480.02957118,-54.79016642633724,177000000.0,80021405.42538309,-96978594.57461691
MDG,KEN,1818060.1126313733,42161144.87807257,2219.0181988565023,13218596.0,306541646.87331766,293323050.87331766
MDG,KHM,51577.276766420895,1965435.7199012707,3710.662065006226,39400.0,1501400.8536124532,1462000.8536124532
MDG,KOR,122831982.99978817,227035911.85615784,84.83452461770432,53664799.0,99191076.11869656,45526277.118696555
MDG,LAO,28547.699429925855,2621321.708484919,9082.25202321225,92634.0,8505887.339182436,8413253.339182436
MDG,LKA,1230540.7995725246,42676848.745278426,3368.137648105927,2096100.0,72695633.24194834,70599533.24194834
MDG,MDG,3512710.9921556395,406848403.7486468,11482.176975481174,11100000000.0,1285621644278.4104,1274521644278.4104
MDG,MYS,8810747.912701843,37427925.836217925,324.7985098093736,16918781.0,71870729.56591143,54951948.56591143
MDG,NZL,421042.14862924133,1900452.4593095172,351.36869681496086,2125872.0,9595520.742354143,7469648.742354143
MDG,PAK,8718533.858472023,37271912.764009744,327.5020705206262,4041518.0,17277573.1304638,13236055.130463801
MDG,PHL,8657923.264000472,29841905.5426515,244.67740857364421,197915.0,682168.293178528,484253.29317852797
MDG,RUS,109087029.02417545,196199921.44297758,79.85632498937753,11627351.0,20912526.202215638,9285175.202215638
MDG,SGP,9628797.578912431,25598248.87618402,165.8509400202318,23237089.0,61776019.53983788,38538930.53983788
MDG,THA,16884610.29006522,60871346.38286483,260.51377755920777,12770402.0,46039058.65969662,33268656.659696624
MDG,USA,7170067080.286928,2946762833.89096,-58.90187914709107,686000000.0,281933109.05095524,-404066890.94904476
MDG,ZAF,19723511.206197735,192018177.0466777,873.5496638465654,82524817.0,803420078.4934933,720895261.4934933
MYS,ARE,171897063.00061825,482349880.8109959,180.60391049802928,2600000000.0,7295701672.948762,4695701672.948762
MYS,AUS,664357502.7363973,280105652.5573023,-57.83811405702719,10200000000.0,4300512366.183227,-5899487633.816773
MYS,BGD,165886659.70713535,1189369267.767179,616.9770431612471,1170000000.0,8388631404.986592,7218631404.986592
MYS,CAN,525457852.6442639,722843018.0755925,37.56441443172394,3020000000.0,4154445315.838063,1134445315.8380628
MYS,CHL,22085753.255200878,84278138.1137588,281.5950361299654,321000000.0,1224920065.977189,903920065.9771891
MYS,CHN,26076687638.448856,1567637173.9301438,-93.98835774057922,97700000000.0,5873374487.454102,-91826625512.5459
MYS,COL,101617037.8167754,597973941.7289579,488.4583477105074,254000000.0,1494684203.1846888,1240684203.1846888
MYS,DEU,11192484686.443188,7420275367.785759,-33.7030554370692,11600000000.0,7690445569.2999735,-3909554430.7000265
MYS,ECU,12450369.296348734,195698890.4149055,1471.8320136278792,87839638.0,1380691550.7388396,1292851912.7388396
MYS,IDN,1665057692.884739,951907289.0363104,-42.83037199827497,9340000000.0,5339643255.361117,-4000356744.6388826
MYS,IND,6572753428.061396,7694852816.957928,17.071983624182447,11900000000.0,13931566051.277712,2031566051.2777119
MYS,JPN,26985666196.25873,7244642211.690636,-73.15373962235171,18500000000.0,4966558169.864934,-13533441830.135067
MYS,KEN,9002896.56382168,123975910.64924029,1277.066922521802,853000000.0,11746380849.110973,10893380849.110973
MYS,KHM,12909198.231101356,292112805.73146385,2162.826865790116,337000000.0,7625726537.71269,7288726537.71269
MYS,KOR,5896402724.805071,6471740916.025409,9.757443954769183,8840000000.0,9702558045.601597,862558045.6015968
MYS,LAO,4967394.46864888,270849942.4629447,5352.555543401715,23708147.0,1292699883.4863274,1268991736.4863274
MYS,LKA,23376964.958458744,481432429.9145739,1959.4308575560915,812000000.0,16722578563.355463,15910578563.355463
MYS,MDG,828929.4440583414,57010999.19595253,6777.666079375026,109000000.0,7496656026.518779,7387656026.518779
MYS,MYS,31261392439.40548,78857352568.33861,152.25156787622058,77433067.0,195326125.56214437,117893058.56214437
MYS,NZL,12968932.053821668,34760542.1477031,168.02933351370217,1280000000.0,3430775468.975388,2150775468.975388
MYS,PAK,135809190.60280576,344761112.22593665,153.85698176660367,1300000000.0,3300140762.965848,2000140762.965848
MYS,PHL,591177534.4406648,1209989581.013427,104.67448617753101,5520000000.0,11298031636.999712,5778031636.999712
MYS,RUS,2889327228.7852244,3085839509.9114995,6.801316208441222,1790000000.0,1911743560.1310978,121743560.1310978
MYS,SGP,1160447725.9747114,1831954452.954576,57.86617629982741,41400000000.0,65356596988.128555,23956596988.128555
MYS,THA,2125671060.0952394,4550601610.333329,114.07835369078423,10100000000.0,21621913722.76921,11521913722.76921
MYS,USA,175458897909.13113,42820156650.19456,-75.59533477044248,56600000000.0,13813040519.929556,-42786959480.07044
MYS,ZAF,229568303.91380075,1327152796.330513,478.10802872370306,734000000.0,4243312930.8319807,3509312930.8319807
NZL,ARE,159885036.91131157,744993379.9643863,365.9556606148424,563000000.0,2623330369.261563,2060330369.2615628
NZL,AUS,1003564512.7876137,702613027.2290702,-29.98825503729569,4990000000.0,3493586073.6389446,-1496413926.3610554
NZL,BGD,102100740.07826468,1215584107.0923126,1090.5732575106842,246000000.0,2928810213.476283,2682810213.476283
NZL,CAN,370343655.46602976,845983486.6381918,128.43201824900459,607000000.0,1386582350.771458,779582350.7714579
NZL,CHL,29988752.007157244,190025543.12980103,533.6560557253224,153000000.0,969493765.2597433,816493765.2597433
NZL,CHN,14078328334.049105,1405384279.6669164,-90.01739236136491,12300000000.0,1227860739.552116,-11072139260.447884
NZL,COL,125246282.26566207,1223859164.9182081,877.1620704255788,32133891.0,314000194.60389876,281866303.60389876
NZL,DEU,6032714830.724882,6641362459.698893,10.089116526346336,748000000.0,823466591.6170707,75466591.61707067
NZL,ECU,16399290.965832815,428037751.77216387,2510.0991357733774,3747226.0,97806313.4414753,94059087.4414753
NZL,IDN,266990150.080637,253461195.3964237,-5.06721116120848,942000000.0,894266870.8614161,-47733129.1385839
NZL,IND,3967805847.8297033,7713549362.576553,94.40339720240303,340000000.0,660971550.4881703,320971550.48817027
NZL,JPN,14986976211.456228,6681111028.036326,-55.42055359419866,2670000000.0,1190271219.0348957,-1479728780.9651043
NZL,KEN,8420987.015492748,192561259.22644547,2186.6827709409295,3716791.0,84991219.42888308,81274428.42888308
NZL,KHM,2060979.9254606992,77441893.1096461,3657.527773703822,15250587.0,573045042.1778646,557794455.1778646
NZL,KOR,2779778402.3293085,5066348191.149008,82.25726866946206,952000000.0,1735089197.733279,783089197.733279
NZL,LAO,1096737.4161849383,99301002.13665399,8954.218509484068,1082274.0,97991452.83133359,96909178.83133359
NZL,LKA,14252131.762552315,487391462.54286045,3319.77937520539,296000000.0,10122546950.607954,9826546950.607954
NZL,MDG,470580.16020685947,53743453.78719199,11320.679903625181,4210764.0,480897877.93708384,476687113.93708384
NZL,MYS,154066233.10630724,645345389.3137202,318.8752955804569,722000000.0,3024279634.0908985,2302279634.0908985
NZL,NZL,2130553527.3544145,9482561088.837996,345.07499891884135,121000000.0,538540748.691798,417540748.691798
NZL,PAK,89143439.426223,375776287.6963311,321.5411589624961,53667960.0,226232540.57552886,172564580.57552886
NZL,PHL,158885698.51817828,540006999.8887944,239.87136974887116,471000000.0,1600794151.517183,1129794151.517183
NZL,RUS,1445218343.7751029,2563072808.6067615,77.34848299196604,210000000.0,372431814.2831287,162431814.28312868
NZL,SGP,139313963.5052335,365203231.01099944,162.14402477844953,750000000.0,1966080185.8383715,1216080185.8383715
NZL,THA,287489264.3350872,1021986739.6644797,255.48692297368316,659000000.0,2342658822.396572,1683658822.396572
NZL,USA,124022841243.24385,50260337899.09861,-59.47493429817183,4470000000.0,1811470436.8717191,-2658529563.1282806
NZL,ZAF,141912213.6829252,1362321618.8013134,859.9748911289284,131000000.0,1257567107.3788962,1126567107.3788962
PAK,ARE,339112965.0425357,985189302.5442213,190.51950355854038,1090000000.0,3166662588.78809,2076662588.7880902
PAK,AUS,332890497.6537022,145312509.10295337,-56.348255619444444,306000000.0,133574337.8045,-172425662.19550002
PAK,BGD,187842032.77327436,1394375052.4035358,642.3125867076559,581000000.0,4312836128.771481,3731836128.7714806
PAK,CAN,488044553.0791294,695099775.5171497,42.425475529167365,395000000.0,562580628.340211,167580628.34021103
PAK,CHL,20501967.612551264,80999032.99403381,295.07931397007167,102000000.0,402980900.2494731,300980900.2494731
PAK,CHN,43133599301.49327,2684666864.4645243,-93.77592663737761,3510000000.0,218464975.02804607,-3291535024.971954
PAK,COL,116206441.69762895,707990622.4675246,509.2524752713174,55019186.0,335205752.5791301,280186566.5791301
PAK,DEU,16388017083.425377,11248678278.56218,-31.36034566415638,2560000000.0,1757175150.9975967,-802824849.0024033
PAK,ECU,14100984.837814683,229475935.88942623,1527.3752403026451,11565675.0,188216931.32387292,176651256.32387292
PAK,IDN,366640639.95699775,217013895.53465572,-40.810190719689814,135000000.0,79906242.52841876,-55093757.471581236
PAK,IND,23152560024.63927,28062965997.676514,21.208911532079053,1916544.0,2323022.121433369,406478.1214333689
PAK,JPN,23095992186.631336,6419511722.915282,-72.20508358748452,265000000.0,73656528.49316603,-191343471.50683397
PAK,KEN,8274230.164663335,117968000.49333416,1325.7278096654697,165000000.0,2352450885.948025,2187450885.948025
PAK,KHM,4191565.7262245375,98199478.44430768,2242.787513265568,30026694.0,703461637.6784616,673434943.6784616
PAK,KOR,5320908562.377693,6046462374.113246,13.635900772016518,225000000.0,255680776.73703715,30680776.737037152
PAK,LAO,2682733.441881473,151446484.16504315,5545.23041315762,4374668.0,246960088.41067418,242585420.41067418
PAK,LKA,18500165.748376008,394461307.0391589,2032.2041780830298,417000000.0,8891291422.606234,8474291422.606234
PAK,MDG,771245.1314455463,54918048.48907389,7020.699535067518,65300030.0,4649818932.608951,4584518902.608951
PAK,MYS,127694839.71999821,333494592.14842135,161.16528504964555,450000000.0,1175243782.7234051,725243782.7234051
PAK,NZL,7055541.059340408,19579167.61276026,177.50058355681418,65309774.0,181235003.9696365,115925229.9696365
PAK,PAK,19973386190.91778,52495537377.20132,162.827428836638,291000000000.0,764827817914.6166,473827817914.6166
PAK,PHL,247538482.18715146,524551347.21962047,111.90699021214546,100000000.0,211906990.21214545,111906990.21214545
PAK,RUS,4939671484.589554,5462057228.481485,10.575313470169718,285000000.0,315139643.38998365,30139643.389983654
PAK,SGP,106869342.68573052,174672204.93304738,63.444632991431405,73746347.0,120534446.19873749,46788099.19873749
PAK,THA,673984803.4247738,1493841206.7605948,121.64315859494428,65625277.0,145453936.7794815,79828659.7794815
PAK,USA,164313880790.2968,41517259818.854294,-74.73295644946754,5550000000.0,1402320917.0545518,-4147679082.945448
PAK,ZAF,171925929.5005444,1029039288.0474712,498.5364110212431,158000000.0,945687529.4135641,787687529.4135641
PHL,ARE,323033740.56749207,890815046.7272668,175.76532567846334,401000000.0,1105818955.970638,704818955.970638
PHL,AUS,559290575.7192683,231741316.10117477,-58.5651312284054,596000000.0,246951817.87870383,-349048182.12129617
PHL,BGD,303495859.2962863,2138473924.8656774,604.613871775431,18729739.0,131972339.1413329,113242600.1413329
PHL,CAN,463341501.32254356,626402156.3067751,35.19232672203929,1120000000.0,1514154059.28684,394154059.28683996
PHL,CHL,21496159.010930955,80613823.71801685,275.01501397074765,45105742.0,169153304.6629094,124047562.66290939
PHL,CHN,46270815862.99989,2733670867.5624137,-94.09201930725328,24600000000.0,1453363250.4156923,-23146636749.58431
PHL,COL,111959755.42023608,647475899.6489791,478.31128445994403,44085492.0,254951375.04568586,210865883.04568586
PHL,DEU,11209608552.469059,7303480921.598523,-34.84624474250853,4550000000.0,2964495864.2158623,-1585504135.7841377
PHL,ECU,13985690.554859273,216040902.76251307,1444.728177097058,14648028.0,226272215.90506664,211624187.90506664
PHL,IDN,685041346.8772901,384882433.5353073,-43.816174703940845,1270000000.0,713534581.2599512,-556465418.7400488
PHL,IND,9874252559.568863,11360649125.703093,15.053256508957777,719000000.0,827232914.2994064,108232914.29940641
PHL,JPN,42546719649.04365,11225244733.89317,-73.61666227975466,9070000000.0,2392968731.226252,-6677031268.773748
PHL,KEN,13014400.817225402,176126685.8904954,1253.321511793154,13255163.0,179384972.30224678,166129809.30224678
PHL,KHM,8574858.44072201,190688377.78742972,2123.807880977375,33102677.0,736139939.9404849,703037262.9404849
PHL,KOR,9246222532.250338,9973423591.41813,7.864844877260462,3060000000.0,3300664253.24417,240664253.2441702
PHL,LAO,4404915.6815756885,236038929.6276356,5258.53457115896,1651072.0,88473263.91472566,86822191.91472566
PHL,LKA,32559889.214552056,658985825.0539802,1923.9191254970806,69678070.0,1410227785.0072436,1340549715.0072436
PHL,MDG,661928.504310947,44740219.28237473,6659.071257846542,460053.0,31095310.09386075,30635257.09386075
PHL,MYS,480408278.0970492,1190941132.8841536,147.9018757964797,2380000000.0,5900064643.956216,3520064643.956216
PHL,NZL,10868612.839956691,28628749.84631788,163.40757802199857,110000000.0,289748335.8241984,179748335.82419842
PHL,PAK,213939559.68592092,533735572.2561824,149.47960678228264,73003061.0,182127749.52182993,109124688.52182993
PHL,PHL,41508785516.44802,83492924675.64357,101.14518802907197,286000000000.0,575275237763.1458,289275237763.14575
PHL,RUS,2913680123.8009253,3058189655.484413,4.959691027955867,497000000.0,521649664.4089406,24649664.408940613
PHL,SGP,432641886.37320346,671217996.5073562,55.14401578962083,6870000000.0,10658393884.74695,3788393884.74695
PHL,THA,1052605443.6517779,2214543964.7069516,110.38690024479538,3040000000.0,6395761767.44178,3355761767.44178
PHL,USA,153146610354.19385,36730444336.55532,-76.01615585770652,14000000000.0,3357738179.921087,-10642261820.078913
PHL,ZAF,156090848.1237103,886813671.7906392,468.13944087727174,88286585.0,501590910.38863724,413304325.38863724
RUS,ARE,2108352862.4579697,4742177221.334887,124.92331837690298,3700000000.0,8322162779.94541,4622162779.94541
RUS,AUS,1518342340.466481,513133649.5230919,-66.20435089984768,362000000.0,122340249.74255137,-239659750.2574486
RUS,BGD,843068658.0793442,4845169309.630328,474.7063733419363,1520000000.0,8735536874.797432,7215536874.797432
RUS,CAN,3646270531.049937,4020645235.362249,10.267332089715012,1650000000.0,1819410979.4802978,169410979.4802978
RUS,CHL,102994433.73829901,315033859.6433621,205.87464604527958,198000000.0,605631799.1696535,407631799.16965353
RUS,CHN,141203278685.73642,6804225102.165765,-95.18125558733708,74400000000.0,3585145843.021215,-70814854156.97879
RUS,COL,639769471.481926,3017727383.1662145,371.68980666991206,533000000.0,2514106669.550631,1981106669.550631
RUS,DEU,153803194583.22086,81733412674.57962,-46.85844276767946,23400000000.0,12435124392.363005,-10964875607.636995
RUS,ECU,76804959.13157026,967689782.1765211,1159.9313808875622,519000000.0,6539043866.806448,6020043866.806448
RUS,IDN,1117436613.5863492,512069638.64747816,-54.17461425359782,1250000000.0,572817321.8300272,-677182678.1699728
RUS,IND,54163862320.689095,50828040295.62837,-6.158759516280897,8280000000.0,7770054712.051942,-509945287.9480581
RUS,JPN,86372654223.18031,18586637410.8877,-78.48087733548022,13100000000.0,2819005069.052092,-10280994930.947908
RUS,KEN,89837367.93836328,991637242.7663271,1003.8137754065566,339000000.0,3741928698.6282268,3402928698.6282268
RUS,KHM,11627509.520222545,210901074.90682393,1713.8112425539202,13541592.0,245618918.11678225,232077326.11678225
RUS,KOR,18586140287.546276,16351739455.397532,-12.021865742861708,10000000000.0,8797813425.713829,-1202186574.286171
RUS,LAO,7049469.740859868,308103982.6106239,4270.597987318157,4415434.0,192980869.5353616,188565435.5353616
RUS,LKA,100247818.21650009,1654866285.912222,1550.775363847113,174000000.0,2872349133.0939765,2698349133.0939765
RUS,MDG,2809941.751963854,154909897.6110739,5412.9220206364835,13413009.0,739448726.7909534,726035717.7909534
RUS,MYS,791072237.244195,1599524072.7831714,102.19696729028509,1190000000.0,2406143910.7543926,1216143910.7543926
RUS,NZL,33308082.27832481,71560393.22542426,114.84393075368403,66297441.0,142436028.2335045,76138587.2335045
RUS,PAK,1438378865.7507095,2926868216.840167,103.48381685325963,536000000.0,1090673258.3334718,554673258.3334718
RUS,PHL,981677243.8937042,1610546230.5865982,64.06066664014347,737000000.0,1209127113.1378574,472127113.13785744
RUS,RUS,439172174339.6523,375969126821.3693,-14.391405287303613,1350000000000.0,1155716028621.4011,-194283971378.59888
RUS,SGP,854424796.3729641,1081194173.6287496,26.540589437294205,1370000000.0,1733606075.2909305,363606075.2909305
RUS,THA,1771075957.669812,3039140002.4976993,71.59851271970668,1840000000.0,3157412634.042603,1317412634.042603
RUS,USA,1233630320000.9849,241322964997.0839,-80.4379836418992,30200000000.0,5907728940.146444,-24292271059.853554
RUS,ZAF,910519719.5633799,4219287509.3975654,363.39331469073886,528000000.0,2446716701.567101,1918716701.567101
SGP,ARE,69811390.55576862,133752723.26344872,91.59154716535942,1710000000.0,3276215456.5276456,1566215456.5276456
SGP,AUS,231165716.1519364,66546631.88052046,-71.21258593692937,9630000000.0,2772227974.273701,-6857772025.726299
SGP,BGD,64690462.44232051,316685465.377279,389.5396530201696,2250000000.0,11014642192.953815,8764642192.953815
SGP,CAN,174450010.9365545,163855012.06718647,-6.073372430582019,729000000.0,684725114.9810572,-44274885.01894283
SGP,CHL,9411860.10943513,24522277.666629862,160.54655914453036,86856277.0,226301041.12454212,139444764.12454212
SGP,CHN,10789288609.456928,442862150.5061299,-95.89535356281084,37100000000.0,1522823828.1971796,-35577176171.80282
SGP,COL,42539178.16457765,170917860.87326145,301.78928754101946,132000000.0,530361859.5541457,398361859.5541457
SGP,DEU,4627502154.453252,2094704513.727668,-54.7335810160166,4610000000.0,2086781915.161635,-2523218084.838365
SGP,ECU,5259549.397226535,56446535.769189894,973.2199948336881,105000000.0,1126880994.5753725,1021880994.5753725
SGP,IDN,677287237.7054441,264375303.88150686,-60.965556537404424,15300000000.0,5972269849.777123,-9327730150.222878
SGP,IND,2077648158.164671,1660762789.8499265,-20.06525342977263,17800000000.0,14228384889.500471,-3571615110.499529
SGP,JPN,11420486530.774982,2093394261.8813384,-81.66983292489131,8040000000.0,1473745432.838739,-6566254567.161261
SGP,KEN,2948103.605395433,27719182.2493599,840.2377242994447,94943291.0,892692638.6733996,797749347.6733996
SGP,KHM,4924042.507349521,76077414.59090991,1445.0194525607442,976000000.0,15079389856.992863,14103389856.992863
SGP,KOR,2469100919.3631835,1850356675.2734573,-25.05949591761965,8200000000.0,6145121334.755189,-2054878665.244811
SGP,LAO,1921703.3859057082,71543318.21442305,3622.911597031106,61613302.0,2293808765.471798,2232195463.471798
SGP,LKA,9119174.550613707,128228738.51802202,1306.1441395415818,770000000.0,10827309874.47018,10057309874.47018
SGP,MDG,345172.7890227031,16209150.830745256,4595.952678262576,3202047.0,150366611.85572648,147164564.85572648
SGP,MYS,442165940.1531662,761555897.6655487,72.23305291261147,22400000000.0,38580203852.42497,16180203852.424973
SGP,NZL,4468390.327098246,8177415.307621073,83.005841231678,1170000000.0,2141168342.4106326,971168342.4106326
SGP,PAK,43308052.64095428,75065502.06080356,73.32920203809358,859000000.0,1488897845.5072238,629897845.5072238
SGP,PHL,202859666.57580638,283492805.3437808,39.74823587607679,7170000000.0,10019948512.314705,2849948512.314705
SGP,RUS,1189088379.571574,867108343.9415499,-27.077889344611442,568000000.0,414197588.522607,-153802411.47739297
SGP,SGP,155615264019.2618,167735083543.3779,7.7883230803219385,153000000000.0,164916134312.89255,11916134312.892548
SGP,THA,605570772.9072725,885156958.9608641,46.16903565397187,7500000000.0,10962677674.04789,3462677674.0478897
SGP,USA,58195124241.520966,9697104589.05715,-83.33691230074139,22600000000.0,3765857820.0324473,-18834142179.967552
SGP,ZAF,76485193.9230605,301904091.2935218,294.7222668968051,366000000.0,1444683496.8423066,1078683496.8423066
THA,ARE,434031759.4158034,1080595003.7865186,148.9668049271266,3840000000.0,9560325309.201662,5720325309.201662
THA,AUS,636075101.9176817,237944763.7476769,-62.591718646067875,11500000000.0,4301952355.702194,-7198047644.297806
THA,BGD,568403980.0493433,3615847347.7678857,536.1403992023406,847000000.0,5388109181.243826,4541109181.243826
THA,CAN,591291438.639798,721697866.6880604,22.054509760575638,3250000000.0,3966771567.218708,716771567.218708
THA,CHL,22235185.052633766,75282007.51475126,238.57153577336237,780000000.0,2640857979.0322266,1860857979.0322266
THA,CHN,42857978915.81061,2285980610.3316274,-94.66614929550886,60300000000.0,3216311974.8081565,-57083688025.19184
THA,COL,112642447.82120079,588119439.0843121,422.11173537159254,357000000.0,1863938895.2765853,1506938895.2765853
THA,DEU,12808755793.674086,7534391548.848064,-41.17780313549965,8080000000.0,4752833506.651628,-3327166493.3483725
THA,ECU,13789850.825494822,192315117.59663206,1294.6134735633095,316000000.0,4406978576.460058,4090978576.460058
THA,IDN,817360386.4313365,414597499.8486556,-49.27604680490784,8930000000.0,4529649020.32173,-4400350979.67827
THA,IND,18672841829.520626,19395952963.756077,3.87252856762411,8520000000.0,8849939433.961573,329939433.96157265
THA,JPN,31813348371.45601,7577761042.527152,-76.18056120956393,24400000000.0,5811943064.8664,-18588056935.1336
THA,KEN,20816610.15122993,254338896.2805461,1121.8074625638255,178000000.0,2174817283.3636093,1996817283.3636093
THA,KHM,28268696.69639578,567550929.6007187,1907.7010825655811,2710000000.0,54408699337.52725,51698699337.52725
THA,KOR,7328753939.552377,7136936818.193835,-2.617322438993732,5100000000.0,4966516555.61132,-133483444.38868046
THA,LAO,16119346.910350872,779821612.0942687,4737.799052475967,2240000000.0,108366698775.46165,106126698775.46165
THA,LKA,55225153.84960292,1009094588.052674,1727.237260036949,402000000.0,7345493785.348535,6943493785.348535
THA,MDG,833780.8989178021,50879256.32798602,6002.233379779299,28411034.0,1733707600.2884457,1705296566.2884457
THA,MYS,1115712168.36263,2497087558.3237805,123.81108937696685,10800000000.0,24171597652.71242,13371597652.712421
THA,NZL,12702069.713900693,30206787.83842143,137.80996734228438,2230000000.0,5303162271.732942,3073162271.7329416
THA,PAK,376237454.82055503,847420306.8659118,125.2354984886036,1670000000.0,3761432824.7596807,2091432824.7596807
THA,PHL,679875139.7585015,1234640720.8020666,81.59815657337072,7050000000.0,12802670038.422636,5752670038.422636
THA,RUS,3395266625.7842307,3217349318.5128126,-5.240157162335466,1780000000.0,1686725202.5104287,-93274797.48957133
THA,SGP,834182955.643337,1168417703.7558432,40.06731926747871,9720000000.0,13614543432.798931,3894543432.798931
THA,THA,56272759528.12929,106885476064.23547,89.94177104608883,288000000000.0,547032300612.7359,259032300612.7359
THA,USA,197268766239.16153,42714852385.17568,-78.34687507834376,49400000000.0,10696643711.298183,-38703356288.70181
THA,ZAF,232400065.39377683,1192045887.0700479,412.92837850551143,1200000000.0,6155140542.066137,4955140542.066137
USA,ARE,27400425145.48588,7517468295.368867,-72.56441002118049,16300000000.0,4472001166.54758,-11827998833.45242
USA,AUS,32922866131.931274,1357182496.2854044,-95.87769032365897,24900000000.0,1026455109.4089164,-23873544890.591084
USA,BGD,13291762410.314247,9317693159.627865,-29.898738241081954,1780000000.0,1247802459.308741,-532197540.6912589
USA,CAN,794360532035.2965,106842575051.03639,-86.54986360194833,218000000000.0,29321297347.752644,-188678702652.24734
USA,CHL,4560317702.229104,1701446904.2447338,-62.690167322924474,15600000000.0,5820333897.623782,-9779666102.376217
USA,CHN,1991622687452.3555,11706330420.884958,-99.41222147675674,174000000000.0,1022734630.4432623,-172977265369.55673
USA,COL,40350926751.76662,23216129973.113102,-42.464444209830525,13600000000.0,7824835587.463048,-5775164412.536952
USA,DEU,2012952074801.2637,130481077172.30821,-93.51792430601259,70200000000.0,4550417137.179162,-65649582862.82084
USA,ECU,4585320252.647924,7046872081.711383,53.68331312609986,5400000000.0,8298898908.809393,2898898908.809393
USA,IDN,21663935239.404125,1210941881.0666127,-94.41033280572195,11100000000.0,620453058.5648632,-10479546941.435137
USA,IND,595123348495.8827,68120927259.10584,-88.55347762253406,40900000000.0,4681627652.38357,-36218372347.61643
USA,JPN,1921778524293.1423,50443791110.71575,-97.37515064961663,76400000000.0,2005384903.6928976,-74394615096.3071
USA,KEN,1308371644.343606,1761597781.014469,34.640473800411726,785000000.0,1056927719.333232,271927719.33323205
USA,KHM,212047301.51908985,469142373.9121756,121.2442085097416,247000000.0,546473195.0190618,299473195.0190618
USA,KOR,371086896141.0496,39822652864.75706,-89.2686448163827,55800000000.0,5988096192.458452,-49811903807.54155
USA,LAO,123863779.82385388,660336056.4501806,433.114730867443,121000000.0,645068824.349606,524068824.34960604
USA,LKA,1659518338.675825,3341564561.296765,101.35749532982504,556000000.0,1119547674.033827,563547674.0338271
USA,MDG,56022124.21313024,376722225.6164367,572.4525906644255,74865500.0,503434994.2638755,428569494.2638755
USA,MYS,14571590564.842476,3593862183.1782064,-75.33651410814906,17600000000.0,4340773516.965766,-13259226483.034233
USA,NZL,867021744.9874709,227212856.11150572,-73.7938687899011,4070000000.0,1066589540.2510254,-3003410459.748975
USA,PAK,14513148174.675999,3602229066.1104236,-75.17954738175997,3800000000.0,943177199.4931211,-2856822800.506879
USA,PHL,15651154954.3938,3132064410.522066,-79.98828572301117,8210000000.0,1642961742.1407824,-6567038257.859218
USA,RUS,374194314680.886,39074585016.97369,-89.55767538844181,10400000000.0,1086001759.6020525,-9313998240.397947
USA,SGP,12684064979.473156,1957799137.7408884,-84.56489192613543,34200000000.0,5278806961.2616825,-28921193038.73832
USA,THA,31212875590.393585,6533217584.420437,-79.06883790472939,15000000000.0,3139674314.290591,-11860325685.70941
USA,USA,1569228656930277.0,37443778701595.02,-97.61387363554509,19500000000000.0,465294641068.7075,-19034705358931.293
USA,ZAF,18080260283.11394,10219608617.397293,-43.47642977827097,3920000000.0,2215723952.6917777,-1704276047.3082223
ZAF,ARE,314623943.013171,684296911.6804525,117.49676935801605,4420000000.0,9613357205.62431,5193357205.62431
ZAF,AUS,375814873.5729319,122815472.82512432,-67.32022028359388,918000000.0,300000377.7966082,-617999622.2033918
ZAF,BGD,137434942.52158135,763768084.7961206,455.73063937228807,189000000.0,1050330908.4136244,861330908.4136244
ZAF,CAN,479682676.3479454,511468897.69811535,6.626510173803592,1310000000.0,1396807283.276827,86807283.2768271
ZAF,CHL,40417565.86108053,119545150.39515062,195.77523497095302,72349979.0,213993320.38868514,141643341.38868514
ZAF,CHN,15115736636.622057,704338675.9884983,-95.34036155219823,32800000000.0,1528361410.8789814,-31271638589.121017
ZAF,COL,166224452.30905288,758175471.5716661,356.1154878477374,39658646.0,180889226.6767072,141230580.6767072
ZAF,DEU,12210249084.537296,6274471172.679926,-48.61307800325111,12100000000.0,6217817561.606616,-5882182438.393384
ZAF,ECU,20837199.57190676,253866018.888557,1118.3307935046394,9276181.0,113014569.5842266,103738388.5842266
ZAF,IDN,279338322.6116081,123781282.64330135,-55.68768313418749,1840000000.0,815346630.3309504,-1024653369.6690496
ZAF,IND,6109107027.547173,5543573398.254543,-9.257222483458323,11100000000.0,10072448304.336126,-1027551695.6638737
ZAF,JPN,13106948127.374556,2727372580.6223965,-79.19139868322105,10100000000.0,2101668732.9946742,-7998331267.005325
ZAF,KEN,25110099.130169295,268017137.91518006,967.3679005638121,393000000.0,4194755849.2157817,3801755849.2157817
ZAF,KHM,2307906.1113308296,40478886.269302666,1653.9225738243288,8244065.0,144594517.03575066,136350452.03575066
ZAF,KOR,2711567935.114177,2306819243.221258,-14.926739863365295,1690000000.0,1437738096.3091264,-252261903.69087362
ZAF,LAO,1278008.9881785156,54012353.065060996,4126.288982680958,269983.0,11410261.78411153,11140278.78411153
ZAF,LKA,22140164.598370284,353416769.15847147,1496.2698361532782,269000000.0,4293965859.2523184,4024965859.2523184
ZAF,MDG,1430876.9816916743,76278558.11810347,5230.895604171512,133000000.0,7090091153.548111,6957091153.548111
ZAF,MYS,177021167.65820426,346113203.2684657,95.52080005298997,463000000.0,905261304.2453436,442261304.24534357
ZAF,NZL,9211488.214661703,19136883.746391464,107.75018433972211,92649423.0,192479347.0721889,99829924.07218891
ZAF,PAK,140997194.0846959,277433354.87514675,96.76516024034827,1740000000.0,3423713788.18206,1683713788.1820598
ZAF,PHL,148114697.34948853,234974619.8495952,58.643689015650956,76683736.0,121653907.66542278,44970171.66542278
ZAF,RUS,2564384945.40917,2122848078.0660036,-17.218041625677827,756000000.0,625831605.3098756,-130168394.69012439
ZAF,SGP,154785738.44952983,189399629.36352727,22.362454875184646,405000000.0,495567942.24449784,90567942.24449784
ZAF,THA,341423501.2229197,566533061.4516376,65.9326494580527,470000000.0,779883452.4528476,309883452.4528476
ZAF,USA,167875141237.725,31755454798.439903,-81.08388498481048,15600000000.0,2950913942.3695645,-12649086057.630436
ZAF,ZAF,27223902651.78347,121988383210.68747,348.0929305802372,316000000000.0,1415973660633.5493,1099973660633.5493
